,Text,Date,neg,neu,pos,compound
0,Gme ain't doing shit,2021-05-17 10:10:29,0.0,0.506,0.494,0.4449
1,People still talk about GME? Lol,2021-05-17 09:31:16,0.0,0.641,0.359,0.4215
2,AMC is 186% vs GME 104%... just sayinâ€™,2021-05-17 10:12:23,0.0,1.0,0.0,0.0
3,GME HOLDERS ARE MAD AMC GOING UP LOL RELAX GUYS WE COMING TO THE MOON TO MEET YALL,2021-05-17 05:41:23,0.124,0.541,0.336,0.6705
4,Fuck GME and the ðŸ¦ that are obsessed with it.,2021-05-17 10:58:01,0.175,0.825,0.0,-0.1779
5,No can do. Buying more GME.,2021-05-17 08:31:36,0.306,0.694,0.0,-0.296
6,Iâ€™ll stick to adding another xx shares of GME. These â€œOmFg Sh0Rt SqU33ze iz imminentâ€ posts for *insert said hype stock are retarded,2021-05-17 08:44:28,0.0,0.909,0.091,0.296
7,Noting would make me happier than to see gme and amc deslisted,2021-05-17 11:44:37,0.0,0.764,0.236,0.5267
8,"I HAVE 39 SHARES OF GME.

IF YOU WANT ONE YOU HAVE TO BUY IT FROM SOMEONE ELSE.",2021-05-17 05:46:36,0.0,0.617,0.383,0.8271
9,Upvote if your a gme millionair,2021-05-17 08:03:27,0.0,1.0,0.0,0.0
10,Here we go again...trying to divert attention from GME and specially from AMC.,2021-05-17 10:05:21,0.0,1.0,0.0,0.0
11,"I don't own GME bro. I joined this community to try and learn more about the financial market, not to gamble my life away in get-rich-quick schemes. I never put my money in stuff which I don't fully comprehend.",2021-05-17 10:49:20,0.0,0.932,0.068,0.357
12,Gme 5/28 puts?,2021-05-17 11:55:32,0.6,0.4,0.0,-0.4588
13,Shut up &amp; buy gme,2021-05-17 10:49:10,0.0,0.571,0.429,0.4588
14,"GME: *Trading in the same range since March, and hasn't passed it's high from 2 weeks ago.*

Apes: ""It'S gOiNg To ThE mOoN!!!!!1""",2021-05-17 11:42:10,0.0,1.0,0.0,0.0
15,Should I become a mod? Iâ€™ll protect the gme communityâ˜ºï¸,2021-05-17 08:49:45,0.0,0.729,0.271,0.3818
16,Sold my gme and amc for more uwmc and im still confident that ill be happy with that by end of week,2021-05-17 09:14:04,0.098,0.662,0.24,0.6249
17,Gme is awesome swag! Spy is fartyðŸ˜¡This market is manipulated and will wipe out hundreds of thousands of bank accounts when it crashes,2021-05-17 08:00:50,0.093,0.75,0.157,0.4199
18,"It's gonna be a great week for **GAAAAAAMESTOP**! 

**GME! GME!**",2021-05-17 08:11:32,0.0,0.617,0.383,0.7163
19,"GME and AMC falling off a cliff

RIP meme apes",2021-05-17 09:28:40,0.167,0.833,0.0,-0.1531
20,Crash crash AMC &amp; GME ðŸ’¥ðŸ’¥ðŸ’¥ðŸ”¥ðŸ”¥ðŸ“‰ðŸ“‰ðŸ“‰ðŸ“‰,2021-05-17 09:34:02,0.574,0.426,0.0,-0.6597
21,Gme is literally up 5% and y'all are acting like it's January. Lmao,2021-05-17 09:14:58,0.0,0.632,0.368,0.7506
22,GME puts are gonna print this week. Sorry Apes I like money. Anything that OTM $5 to $10 always prints after a silly no catalyst run up,2021-05-17 12:03:03,0.216,0.664,0.12,-0.4404
23,"Gme gonna gap up to 1000, hurry!",2021-05-17 07:25:27,0.0,1.0,0.0,0.0
24,"Ah, meme stock Monday. The kids got their tax return money.

Buy puts on AMC/GME for free money.",2021-05-17 09:46:32,0.125,0.625,0.25,0.4588
25,"just to secure some gains, i set a sell for 170, 4 gme shares.   


Guess what it will NOT hit today. Bullshit market.",2021-05-17 09:51:38,0.107,0.534,0.359,0.7246
26,LETS GO TESLA &amp; GME ![gif](emote|free_emotes_pack|cry)![gif](emote|free_emotes_pack|dizzy_face)![gif](emote|free_emotes_pack|disapproval)![gif](emote|free_emotes_pack|rage)![gif](emote|free_emotes_pack|flushed)![gif](emote|free_emotes_pack|heart_eyes)![gif](emote|free_emotes_pack|poop)![gif](emote|free_emotes_pack|shrug)![gif](emote|free_emotes_pack|sunglasses)![gif](emote|free_emotes_pack|snoo)![gif](emote|free_emotes_pack|snoo)![gif](emote|free_emotes_pack|surprise)![gif](emote|free_emotes_pack|poop)![gif](emote|free_emotes_pack|slightly_smiling)![gif](emote|free_emotes_pack|hug)![gif](emote|free_emotes_pack|stuck_out_tongue)![gif](emote|free_emotes_pack|table_flip)![gif](emote|free_emotes_pack|sweat_smile)![gif](emote|free_emotes_pack|yummy)![gif](emote|free_emotes_pack|upvote)![gif](emote|free_emotes_pack|sob)![gif](emote|free_emotes_pack|poop)![gif](emote|free_emotes_pack|table_flip)![gif](emote|free_emotes_pack|hug)![gif](emote|free_emotes_pack|sunglasses)![gif](emote|free_emotes_pack|poop)![gif](emote|free_emotes_pack|flip_out)![gif](emote|free_emotes_pack|sleep)![gif](emote|free_emotes_pack|cry)![gif](emote|free_emotes_pack|put_back)![gif](emote|free_emotes_pack|stuck_out_tongue)![gif](emote|free_emotes_pack|joy)![gif](emote|free_emotes_pack|sunglasses)![gif](emote|free_emotes_pack|hug)![gif](emote|free_emotes_pack|surprise)![gif](emote|free_emotes_pack|poop)![gif](emote|free_emotes_pack|smile)![gif](emote|free_emotes_pack|sunglasses)![gif](emote|free_emotes_pack|snoo)![gif](emote|free_emotes_pack|facepalm)![gif](emote|free_emotes_pack|sob)![gif](emote|free_emotes_pack|disapproval),2021-05-17 10:30:08,0.0,1.0,0.0,0.0
27,"GME up 2% ... Half this thread ""we flying!""

I guess some things won't change and no you bitch ass ain't flyin",2021-05-17 09:33:10,0.276,0.655,0.069,-0.772
28,Gme put bouta ðŸ¤‘,2021-05-17 11:36:38,0.6,0.4,0.0,-0.4588
29,GME is the new distraction from AMC,2021-05-17 10:00:51,0.302,0.698,0.0,-0.3818
30,"Love me some GME and AMC but......options on Canadian Banks (CM, BMO, RY, TD) are the way.

NOT FINANCIAL ADVICE",2021-05-17 13:47:20,0.0,0.819,0.181,0.6369
31,"Guysâ€¦.GME , focus pleaseThank you that is all.",2021-05-17 13:47:57,0.0,1.0,0.0,0.0
32,"News posts **must be market moving** and contain **new** information. Please avoid editorializing the title. 

If your post doesn't meet the requirements above, please delete the thread before a mod sees it.

*I am a bot, and this action was performed automatically. Please [contact the moderators of this subreddit](/message/compose/?to=/r/wallstreetbets) if you have any questions or concerns.*",2021-05-17 13:47:57,0.037,0.846,0.117,0.5719
33,"I am a bot from /r/wallstreetbets. News should be a screenshot or link to a news story, can't be a selfpost.",2021-05-17 13:47:57,0.0,1.0,0.0,0.0
34,Buy Strong GME att. my digital financial advisor,2021-05-17 18:34:43,0.0,0.488,0.512,0.743
35,I am a bot. You submitted a Gain/Loss/YOLO that didn't look like it included **large** positions. Please read the rules.,2021-05-17 18:34:43,0.109,0.773,0.118,0.049
36,Curious to know how high does everyone think GME can go?[removed],2021-05-17 19:52:56,0.0,0.813,0.187,0.3182
37,GME stock news: GameStop Corp sinks as low volume indicates retail is moving onWell now; I guess we have all moved on :) (as all my apes buy the dip) They just can't understand us.,2021-05-17 15:29:32,0.054,0.793,0.153,0.5994
38,"News posts **must be market moving** and contain **new** information. Please avoid editorializing the title. 

If your post doesn't meet the requirements above, please delete the thread before a mod sees it.

*I am a bot, and this action was performed automatically. Please [contact the moderators of this subreddit](/message/compose/?to=/r/wallstreetbets) if you have any questions or concerns.*",2021-05-17 15:29:32,0.037,0.846,0.117,0.5719
39,"I am a bot from /r/wallstreetbets. News should be a screenshot or link to a news story, can't be a selfpost.",2021-05-17 15:29:32,0.0,1.0,0.0,0.0
40,How come WallStreetBets isn't going on about the short squeeze opportunities in the cannabis sector? Especially ACB?GME and AMC but never a cannabis stock.,2021-05-17 15:33:19,0.094,0.835,0.072,-0.1431
41,Guys: I WILL BUY MY WEDDINGS RINGS WITH MY GME PROFITS!![removed],2021-05-17 15:33:43,0.0,0.676,0.324,0.6505
42,"I am a bot. A Gain/Loss/YOLO should be a picture of a closed gain, a closed loss, or an open position > $2,500.",2021-05-17 15:33:43,0.119,0.725,0.155,0.1779
43,GME Vs. AMC,2021-05-17 16:00:13,0.0,1.0,0.0,0.0
44,"We get a **lot** of meme submissions. To make sure only the absolute best make it through, we've disallowed static (picture) memes. 

If you *strongly* believe your meme is higher quality than all the memes currently on r/wallstreetbets/hot, then you may message the moderators.

I know this is disappointing, and you probably put some hard work into this, but this is how we keep the WSB feeds clean for everyone, including the /new feed. 

Thanks for understanding, and may your tendies be golden, and portfolio be green.

*I am a bot, and this action was performed automatically. Please [contact the moderators of this subreddit](/message/compose/?to=/r/wallstreetbets) if you have any questions or concerns.*",2021-05-17 16:00:13,0.043,0.806,0.151,0.936
45,"Capral Limited f***ing underratedFor real, just take a look at the australian company Cam
pral Limited (aluminium company).

15 years ago, the stock price was about 500 AUD.

Nowadays it is traiding for 7 AUD, which is unferrated af if you look an their financal State over the past few years.

Lets make CAA the next GME and lets goooooo for the rise.",2021-05-17 03:26:34,0.061,0.939,0.0,-0.4215
46,"News posts **must be market moving** and contain **new** information. Please avoid editorializing the title. 

If your post doesn't meet the requirements above, please delete the thread before a mod sees it.

*I am a bot, and this action was performed automatically. Please [contact the moderators of this subreddit](/message/compose/?to=/r/wallstreetbets) if you have any questions or concerns.*",2021-05-17 03:26:34,0.037,0.846,0.117,0.5719
47,"I am a bot from /r/wallstreetbets. News should be a screenshot or link to a news story, can't be a selfpost.",2021-05-17 03:26:34,0.0,1.0,0.0,0.0
48,"GOGO is about to GO!This is my first DD and I've been lurking since January. NGL, the squeeze brought me in and I've been a hodling APE with 21 GME at 222 and 100 AMC at 10.08  
Please hear me out and don't ban this post

GOGO recently beat earnings, had insider purchases, has high SI, and a nice ramp for a gamma squeeze.

The Co. Director Robert Crandall recently bought 50,000 shares, which is almost always a good sign for a company. The earnings report showed that earnings per share rose 85.11% over the past year to ($0.07), which beat the estimate of ($0.13). Revenue decreased, but still beat estimates: Revenue of $73,869,000 decreased by 59.96% from the same period last year, which beat the estimate of $73,850,000.

Â FY21 revenue outlookÂ was raised fromÂ $300 million - $320 million earlier to $310 million - $325 million versus the consensus of $313.37 million. Adjusted EBITDA guidance was raised from $105 million - $120 million prior, to 115 million to $125 million. Capex outlook of $25 million to $30 million is primarily tied to Gogo 5G. Free cash flow guidance outlook $10 million - $20 million including cash interest payments of $71 million.

**They're investing in 5G!**

The enhanced financial flexibility and strong cash flow enabled the company to invest in planned 5G deployment, which will significantly improve the performance of the proprietary ATG network, and drive further market penetration of the AVANCE platform, Chair and CEO Oakleigh Thorne said.

Top it all off with a beautiful double squeeze: Short and Gamma

The SI is 33.86% of float according to [FINTEL](https://fintel.io/ss/us/gogo) and Ortex shows promising squeeze potential as well.

&amp;#x200B;

https://preview.redd.it/ie2965e01rz61.png?width=2204&amp;format=png&amp;auto=webp&amp;s=924c7e90bb28e84c8b252a1edf2c62f4ffa9080f

Now the pretty part:

A gamma squeeze. The beautiful earnings report brought the 11c ITM. This will cause a ton of contracts to require coverage. If these contracts are exercised, it more than doubles the 10-day volume average of 1.7 million.

https://preview.redd.it/7jw90z7q0rz61.png?width=1590&amp;format=png&amp;auto=webp&amp;s=e7272f2db0e07d2f1ebe2dcaaa3866e3407d5a24

Positions:

[positions](https://preview.redd.it/hscqmwrt0rz61.png?width=442&amp;format=png&amp;auto=webp&amp;s=1c640d4d914ce2689b3479aa6a6f02f4675a0304)",2021-05-17 16:29:48,0.015,0.831,0.154,0.9936
49,"YOLO on PBI and Why*This is NOT financial advice just me and my ramblings.* 

Just wanted to share a stupid move of mine and why so maybe I can get some encouragement for this ape.  First, I made some  ðŸ’²ðŸ’²ðŸ’² off of the GME squeeze (1st one).  I started to look for another multi-bagger ðŸš€ðŸš€ðŸš€.  Trying to raise some dough to work on an app idea I have.  I settled on Pitney Bowes $PBI and went YOLO after some weird activity after the recent 4/30 ER.  

Added as much as I could in my brokerage account (Yes I paid tax on my GME gains first):

[PBI YOLO BET](https://preview.redd.it/03dat3pwmrz61.png?width=1030&amp;format=png&amp;auto=webp&amp;s=6ebb3a24c4e4f4d03b7bffe7db63a6cdcb3e5b00)

Why you my ask?  I see a better growth story than STAMPS and its market cap is lower, and I like their turn-around story.  Reasons:

1. 4th Quarter 2020 Total Revenue
   1. PBI - Global Ecommerce Division $518million (60% YoY Growth)
   2. STAMPS - $206million (28% YoY Growth)
2. A few mutual funds have written a great write-up on PBI :
   1. Domo Capital: Pitney Bowes Already Transformed and Set to Shock... (Seekingalpha)
   2. Choice Equities Management: [Pitney Bowes Smart Long-Term Buy](https://finance.yahoo.com/news/pitney-bowes-pbi-smart-long-152937767.html)
3. PBI spent heavily in 2020 building Amazon-type warehouses: [New Fulfillment Centers](https://www.investorrelations.pitneybowes.com/news-releases/news-release-details/pitney-bowes-expands-ecommerce-capabilities-opening-fulfillment)
4. Reddit post on $PBI a deep value see [DD on Pitney Bowes on StockMarket](https://www.reddit.com/r/StockMarket/comments/mghwow/dd_pitney_bowes_pbi_the_deep_fucking_value/)
5. Hit piece on Seekingalpha, ""Pitney Bowes is a Healthy Overvalued Company"", has great info in  comments worth reading
6. PBI's use of big-data with IoT, see [Digital Transformation at Pitney Bowes](https://www.forbes.com/sites/stephendiorio/2021/04/29/enabling-a-digital-transformation-at-pitney-bowes/?sh=1a0d571431cc)
7. Great Interview with the CEO on the Digital Transformation, [CEO Interview](https://www.youtube.com/watch?v=ezxaAP1UOu0)
8. New fact shared on reddit: [Pitney Bowes may be a benefit of USPS's new 10-Year Plan](https://www.reddit.com/r/wallstreetbets/comments/mf70pv/pitney_bowes_may_be_the_beneficiary_of_uspss_new/)
9. 1st Quarter 2021 (Showing the turn-around is happening)
   1. PBI - Global Ecommerce Division $413million (41% YoY Growth)
      1. Plus Presort $143mill EBITDA=$27mil, SendTech $359mil EBITDA=$122mil
   2. STAMPS - $189.16million (25% YoY Growth)
10. STAMPS cap 3.142B, PBI cap 1.31B (As of 5/14/21 10am)

**Now for the strange event that occurred after a great ER**: Before ER 4/30, PBI stock went north of $9, after ER a sudden drop to the $7 range. It was noted by a few folks on Stocktwits that there were 30K+ CALL OPTIONS for early May and a lot of short-selling activity. 

I had a crazy thought, since the same large MMs seem to be in both STAMPS and PBI, plus PBI is having a greater growth precedence over these last two quarters, could the MMs be playing games while slowly changing their positions, since any large delta will hit the stock price.   At this point, I decided to go full blown **YOLO**.  

Thanks for hearing this stupid ape out and ""STONK OUT"",

Aabot1",2021-05-17 18:47:41,0.036,0.812,0.152,0.995
50,"I am a bot. A Gain/Loss/YOLO should be a picture of a closed gain, a closed loss, or an open position > $2,500.",2021-05-17 18:47:41,0.119,0.725,0.155,0.1779
51,Checked my GME holdings to see this natural % total gain...,2021-05-17 13:59:55,0.0,0.758,0.242,0.4357
52,"We get a **lot** of meme submissions. To make sure only the absolute best make it through, we've disallowed static (picture) memes. 

If you *strongly* believe your meme is higher quality than all the memes currently on r/wallstreetbets/hot, then you may message the moderators.

I know this is disappointing, and you probably put some hard work into this, but this is how we keep the WSB feeds clean for everyone, including the /new feed. 

Thanks for understanding, and may your tendies be golden, and portfolio be green.

*I am a bot, and this action was performed automatically. Please [contact the moderators of this subreddit](/message/compose/?to=/r/wallstreetbets) if you have any questions or concerns.*",2021-05-17 13:59:55,0.043,0.806,0.151,0.936
53,Txmd sell only on Revolut had anybody got any answers as to why it would be a sell only. The last time I seen this gme went brrrrr,2021-05-17 13:26:07,0.2,0.8,0.0,-0.7184
54,Sundial is legit gonna moon. Fuck amc and gme. Check out this article in particular setting a price target at 6-8 usd,2021-05-17 13:20:15,0.0,0.87,0.13,0.4588
55,"I am AutoModerator, a bot. You submitted the ""Google AMP"" version of that URL which sucks for everyone not on a phone. Please don't submit AMP links.

*I am a bot, and this action was performed automatically. Please [contact the moderators of this subreddit](/message/compose/?to=/r/wallstreetbets) if you have any questions or concerns.*",2021-05-17 13:20:15,0.127,0.873,0.0,-0.6623
56,GME 101 w/ Marantz Rantz,2021-05-17 15:38:25,0.0,1.0,0.0,0.0
57,Somebody please explain this pattern (80% Volume AMC vs 8% Volume GME),2021-05-17 09:51:25,0.0,0.827,0.173,0.3182
58,"NOK, AMC, GME, BB lend me your ears; i come to bury IPOE, not to priase it[removed]",2021-05-18 00:19:34,0.0,1.0,0.0,0.0
59,GME 5k ask,2021-05-17 08:38:37,0.0,1.0,0.0,0.0
60,"I am a bot. I saw the thing you posted already here http://reddit.com/n67jo0. Please read the rules.                            Bother /u/zjz if this is an error, this check can be somewhat coarse.",2021-05-17 08:38:37,0.162,0.764,0.073,-0.4215
61,So GME rallies up 18 dollars from this morning and no Apes are posting on WallStreetBets? Seems kinda sus. What has happened slowly but surely in real time is hedges come and promote stocks they bought and once we buy them they pull their rug and take profits. Its becoming more prevalent and obvious,2021-05-17 14:08:44,0.024,0.746,0.23,0.9382
62,Didnt watch this sub for some time.Are we still in gme boyz?,2021-05-17 13:59:47,0.0,1.0,0.0,0.0
63,"I am a bot. A Gain/Loss/YOLO should be a picture of a closed gain, a closed loss, or an open position > $2,500.",2021-05-17 13:59:47,0.119,0.725,0.155,0.1779
64,GME Up 10% on the day MM says it will go down or sideways but not up....,2021-05-17 14:24:52,0.0,1.0,0.0,0.0
65,"We get a **lot** of meme submissions. To make sure only the absolute best make it through, we've disallowed static (picture) memes. 

If you *strongly* believe your meme is higher quality than all the memes currently on r/wallstreetbets/hot, then you may message the moderators.

I know this is disappointing, and you probably put some hard work into this, but this is how we keep the WSB feeds clean for everyone, including the /new feed. 

Thanks for understanding, and may your tendies be golden, and portfolio be green.

*I am a bot, and this action was performed automatically. Please [contact the moderators of this subreddit](/message/compose/?to=/r/wallstreetbets) if you have any questions or concerns.*",2021-05-17 14:24:52,0.043,0.806,0.151,0.936
66,Squeeze score ratings. $GME///$A M C,2021-05-17 12:42:02,0.0,1.0,0.0,0.0
67,"Your submission has been removed because it appears to be a screenshots, not a direct link to the article.

It's important to link directly to the article so that readers can contribute to the discussion in an informed manner.

If possible, please try and avoid paywalled articles, use a service like [archive.org](https://archive.org/) or [archive.is](http://archive.is/) to bypass it. 

*I am a bot, and this action was performed automatically. Please [contact the moderators of this subreddit](/message/compose/?to=/r/wallstreetbets) if you have any questions or concerns.*",2021-05-17 12:42:02,0.026,0.866,0.107,0.6908
68,"Corsair (CRSR) Double Down - It's TimeResubmitted because it was taken down for some reason. 

I believe it's time for Corsair to breakout. I would really appreciate anyone's bearish sentiment to explain further downward price action. Here is my DD thesis:  
  
Using most recent closed price, $31.39  (From May 12th)

1. Financials:
2020 sales (1.7 billion) with a GP of 465MM.  
TTM: 1.92 billion with a GP of 547MM  
The current market cap is 2.9Billion.  
2021 estimates: As per Andy Paul (CEO) and Michael Potter (CFO) who have always been conservative with their estimates:  
2021 sales estimate: $1.9 billion to $2.1 billion, representing growth of 11.6% to 23.4%. Adjusted operating income in the range of $235 million to $255 million, and adjusted EBITDA in the range of $245 million to $265 million.  
Most recent quarter:  
Q1 revenue of $529MM with an adjusted net income of 58.2MM. EPS beat of $0.58 vs the $0.33 estimate, a 75% beat. They also paid down 10% of their debt (which now stands at 300MM) which means 1MM more is guaranteed next year.

2. Growth:
WHAT????? Q1 beat Q4? They beat ""stay at home, winter time, holiday time, holiday sales revenue"" which was 53MM. What does this mean? They are still selling and will continue to sell even though COVID gave them a nice boost. Furthermore, hardware and gaming peripherals quarters are their weakest in Q1. With growing quarters this year, their EPS for 2021 will be a minimum of 2.5 giving Corsair a P/E ratio of 12.5 for a company growing 100% YOY and expected to continue at 20% YOY. They beat Q1 estimates of 75%. This will continue this year. Recession or not.  
Ultimate growth: DDR5. Corsair has the #1 market share in memory sales.   
https://www.corsair.com/us/en/blog/ddr5-primer    
""Weâ€™ll be adding significant resources to the company this year, both in marketing and R&amp;D as well as infrastructure as we move towards a $2 billion revenue number."" Boom. They're choosing to pay more for growth rather than just buying down debt. They believe in themselves and so does EagleTree, the majority shareholder. They also just signed a new, three year lease on a brand new campus with a lot more room. Finally, their Glassdoor reviews are finally bullish again (they used to suck). Yes, I even look at Glassdoor reviews when going all in on a company.    
I recommend you read MC's article, 18 Words From Corsair Gaming CEO Could Spell Monster Returns for Investors. Where Andy Paul said, ""The vast majority of people that are playing video games have bought no specialist gaming gear at all.""  


3. Technicals:
Okay, they suck. Triple MACD crossover, lack of support, but when has that ever stopped any of you retards? Food for thought, this stock is down 31% after it has had TWO quarterly earning beats. It's been lumped in with other overpriced tech stocks and has been hit very hard. We see $30.50 as a solid support level, you cannot go wrong unless you put everything into call options.

4. Insiders Trading? 
Michael Potter: CFO Sold 1.25% of his shares, 7,500 shares of his 600,000 shares. Good for him, he made some tendies and I hope he buys a lambo.  
Thi L La: COO. Purchased 100,000 shares at $32.64. He literally spent 3.25 million betting on the company he may know more about than anyone else. It is only fair to note that he sold 100k shares at $35 in January in a public offering. We can only assume it was to buy GME with us and jump back in later, right?  

5. Institutions will start buying again:  
Round 2 for institutions and ETFs. When scratching my head and pondering why prices dropped, and as new reports are emerging, it is clear that many of the initial IPO investors (like JP Morgan) have sold. I mean cmon, they made 100% return on 10's of millions in investments. Meanwhile, new institutions are tapping in from the ER beats, some even increasing positions, and going heavy on call options. Finally, 180 days have now passed, which some institutions and ETFs consider a waiting period before buying into an equity.  

6. Analysts and Other Technical Articles:  
Don't trust the random, unknown guy from Reddit? Trust every article published in the past three months. Show me one negative or bearish article. Finally, analysts have an average PT of $46.67 with Barclays giving it a $47. Not one has it as a sell. ""Screaming Buy"" some articles call it. 39% return in 12 months! How spoiled are you not to jump on near 40% return in a company that distributes products that you actually would like to own.  

7. Possibilities: these depend on EagleTree Partners. If anyone knows someone who works there, hit me up.  
Buyout: EagleTree owns 67% of the shares. That's funny because equity buyouts often exceed 60% ownership. A big if, but they could potentially sell to someone which would make some millionaires here.  
Short Squeeze (more like a hug). The float is 88.13MM shares. Meanwhile, EagleTree owns 61.99MM of those shares. Assuming EagleTree does not add more to the float, there is a 17.2% SI based on the most recent SI report from Nasdaq. However, millions of shares were shorted from tech sell off as well as last earnings report, could be as high as 21%. Meanwhile, days to cover IS OVER 7! No, no, not a short squeeze, but it could cause some covers from the shorts that were taken back in the $40's.  

TDLR: Financials are great. Company is growing. Analysts are all bullish. Some possible moon scenarios. Everyone here says, ""Corsair will have its day"" but why not make that happen today, not tomorrow.  

Position: I am shorting the fk out of it because it seems like the prices of every DD on a fundamentally solid company goes to shit.",2021-05-17 14:46:01,0.066,0.8,0.135,0.9962
69,Post removed. This is a duplicate from 4 days ago.,2021-05-17 14:46:01,0.0,1.0,0.0,0.0
70,Wait. Your DD is bullish but your position is bearish? Peak WSB...,2021-05-17 14:46:01,0.0,0.846,0.154,0.25
71,400 shares in already. Adding more this week,2021-05-17 14:46:01,0.0,0.761,0.239,0.296
72,Oh please do. I lost so much money on this and I donâ€™t want to get stop out.,2021-05-17 14:46:01,0.224,0.597,0.179,-0.2263
73,"Wasn't this exact ""DD"" posted last week?",2021-05-17 14:46:01,0.0,1.0,0.0,0.0
74,How is the lock up period coming? Is it over for all insiders?,2021-05-17 14:46:01,0.0,1.0,0.0,0.0
75,Under $35 its a buy for sure!,2021-05-17 14:46:01,0.0,0.417,0.583,0.68
76,"All loaded up, been holding and adding to for months. After all this tech dumping,this thing held. Good sign",2021-05-17 14:46:01,0.0,0.861,0.139,0.4404
77,Waiting for the rebound to \~45/share after taking assignment on 35k worth of puts . Selling stacks of ccs in the meantime to lighten the bags.,2021-05-17 14:46:01,0.108,0.824,0.068,-0.2732
78,"A lot of words, Iâ€™m in!",2021-05-17 14:46:01,0.0,1.0,0.0,0.0
79,"I think the acquisition of Elgato is excellent from Corsair. The streaming and work at home market is growing strongly and still has a lot of potential as much as the gaming market in general. People are more and more inclined to afford a nice setup, to which this company responds perfectly. CRSR is completely undervalued which is why I am thinking of keeping this stock for the long term with a target of $80 - $100 within 1 or 2 years. 300 shares @ $36.30",2021-05-17 14:46:01,0.0,0.81,0.19,0.9403
80,"Really wish they had farther dated options, but the fundamentals see decent.

 I got in on Dec 35C. Selling PMCC against it to defray costs. Should be an interesting ride.",2021-05-17 14:46:01,0.0,0.83,0.17,0.6753
81,When GPUs are readily available at MSRP then you can start to get excited. Got some shares but really don't expect to see much excitement until like 2023,2021-05-17 14:46:01,0.0,0.689,0.311,0.8705
82,#HCMC Forever\#AMC #HCMC #GME,2021-05-17 14:07:28,0.0,1.0,0.0,0.0
83,"I am a bot. A Gain/Loss/YOLO should be a picture of a closed gain, a closed loss, or an open position > $2,500.",2021-05-17 14:07:28,0.119,0.725,0.155,0.1779
84,How many fucking times will I miss GME?!?[removed],2021-05-17 14:55:55,0.273,0.727,0.0,-0.3076
85,"Why is WALLSTBETS turning away from CLOV? I invested in GME for the movement, I lost money but I did it in support to screw the Hedges. Chamath stood for WALLSTBETS. So why are we deleting CLOV posts from here when we know this is a good company that has a SI of over 40% and still climbs.",2021-05-17 10:59:33,0.054,0.821,0.124,0.7311
86,GME Daily Discussion Thread 05/17/2021 - MOASS Edition[removed],2021-05-17 11:48:24,0.0,1.0,0.0,0.0
87,ARE $UWMC/$AMC/$GME All INTERTWINED?[removed],2021-05-17 18:28:10,0.0,1.0,0.0,0.0
88,"I am a bot. A Gain/Loss/YOLO should be a picture of a closed gain, a closed loss, or an open position > $2,500.",2021-05-17 18:28:10,0.119,0.725,0.155,0.1779
89,Has everyone seen this? Takes a lot of nerve to short GME like this! #Big eggs small brain,2021-05-17 16:22:58,0.158,0.721,0.12,-0.2003
90,Letâ€™s watch them burn?,2021-05-17 16:22:58,0.0,1.0,0.0,0.0
91,"The OG UWMC Guy who Wrote all that DD for you - The YOLO UpdateHey Guys, it's me again. I think you guys may remember me, after all I wrote an extensive series of DD over a month on UWMC through its trials and tribulations, in anticipation of it's breakout moment. You might even remember my YOLO, and remembered I continuously added to it. And that I eventually upped my margin to 13.5k on it. Well, I'm here to tell you that I'm not out. I bought more calls to average down, on earnings day, and I held them when they tanked to ten cents a pop. My only regret is that I didn't buy more then. 

Back then, I said the Theta Beta's would regret selling those calls, and it was one of the few plays where there wouldn't be IV Crush. I was right. Their probably a little sour. Sorry chaps, you usually are the one's making money at our expense. This time it's going to have to be the other way around.... 

Today, I had the chance to exit my options for a 47% profit roughly. Sell calls for a chunky profit after that. I said no. You know why? Because fuck the people who shorted an extremely profitable company to 6.26 dollars, that's why. The Fear, the Uncertainty, and the Doubt people expressed to me regarding this company espoused to me because of the actions of those people gave me an aneurysm. So fuck them. We're playing Pac Man people. The CEO of UWMC is reducing the float, and increasing the percentage of the float that is sold short while increasing buying pressure. We're buying up the stock to get the price to 9-10 because people bought options for 5-10 cents and they'll be in the money quite easily. And because of the rising volume, every day the CEO is able to buy more and more shares thanks to Rule 10B. The delta on the options is low, and they will need to hedge as the price heads steadily upward on Friday. Then the Shorts are going to be squeezed even further as the market makers hedge. 

So no, I won't sell my options for a 10 or a 50% profit. I'm going to sell my options at a price I damn well want to. One that compensates me for the trouble that these people have given me. And so should you. 

I understand people have taken profits, but honestly, at the price point they were selling at the juice wasn't worth the squeeze. Good for them though. Next time, could you at least sell deep ITM covered calls though lmao. 

And for those people on the fucking fence. You jumped onto MVIS, you jumped into GME, and AMC, and all manners of companies that are either unprofitable or make very little money. But the fucking BOOMER stock is where you hesitate the fence?! The fucking (Eyy Lmaooo) Boomer stock, giving you a 4.87% dividend? The one that, if you somehow baghold can give you 10-15% cash returns through divitendies and covered calls until you get assigned at a strike that is profitable to you? The 10-15% backboard cash that can fund all your yolo's? That's the fucking stock you hesitate on? El LMAO. The companies margins will expand hard in a few months, and it's still hugely profitable at a less than 1 percent margin so yeah. Now if you were buying at 14 fucking bucks, you're a dumb ape, but yeah. 

I'm fucking going to ride my options to a fucking profit margin that compensates me for the shit they pulled, or to a GUH. No in between. The Stock Buyback middle finger is just the fucking sweetener. 

Matt Daddy, and I, and all the people who everyone called bag holders are going to skull fuck the shorters harder as they skull fucked UWMC's share price. They're going to fucking Guh their way into a fucking shoebox. Fuck em. I want me tendies well cooked, a side of fries, and a foot massage. And their going to give it to me. And to all of you who bought, and are buying UWMC. 

This is not financial advice, this is a layup. But seriously, i'm not a financial advisor, and you do you with your money.   


My series of DD &amp; Explanation of Rule 10B explaining why things were going to pop:

 [Enough with the techno mumbo jumbo A Fundamentalist Analysis of UWMC - Why I'm doubling Down : wallstreetbets (reddit.com)](https://www.reddit.com/r/wallstreetbets/comments/m9frpz/enough_with_the_techno_mumbo_jumbo_a/) 

 [My Update on UWMC: The Equivalent of Counting Cards at the Blackjack Table Baby, or Why are ya'll tripping on this fine Stock? : wallstreetbets (reddit.com)](https://www.reddit.com/r/wallstreetbets/comments/mpqxbf/my_update_on_uwmc_the_equivalent_of_counting/) 

 [Upcoming UWMC Earnings in Relation to LDI &amp; RKT: Calls on UWMC Puts on Ramen??? : wallstreetbets (reddit.com)](https://www.reddit.com/r/wallstreetbets/comments/n605e7/upcoming_uwmc_earnings_in_relation_to_ldi_rkt/) 

[UWMC A Fundamental Analysis of why this stock is deeply undervalued - The Latest in a Series : stocks (reddit.com)](https://www.reddit.com/r/stocks/comments/n00btl/uwmc_a_fundamental_analysis_of_why_this_stock_is/) 

 [UWMC: My Final DD on UWMC in Light of Q1 Earnings and Guided Q2 (Though Prior to Earnings Call) : wallstreetbets (reddit.com)](https://www.reddit.com/r/wallstreetbets/comments/n9x2bw/uwmc_my_final_dd_on_uwmc_in_light_of_q1_earnings/) 

 [UWMC and What's Happening: An Explanation of Rule 10B : wallstreetbets (reddit.com)](https://www.reddit.com/r/wallstreetbets/comments/nayxtm/uwmc_and_whats_happening_an_explanation_of_rule/) 

&amp;#x200B;

My Last Yolo:

 [Update: Doubling Down on UWMC - Gotta buy the dip to get the chip :) : wallstreetbets (reddit.com)](https://www.reddit.com/r/wallstreetbets/comments/mgjhlw/update_doubling_down_on_uwmc_gotta_buy_the_dip_to/)",2021-05-17 16:35:07,0.071,0.79,0.139,0.9969
92,"I am a bot. A Gain/Loss/YOLO should be a picture of a closed gain, a closed loss, or an open position > $2,500.",2021-05-17 16:35:07,0.119,0.725,0.155,0.1779
